Cédula;N;Nombres y Apellidos;Sexo;Cambio de titular;Titular secundario;Cédula Tit. Secundario;Situación cambio de titular;Comunidad;Modelo implementado;Departamento;Distrito;Localidad;Teléfono;Vivienda_Latitud;Vivienda_Longitud;Superficie (Ha.);Situación_superficie;Plantado;Parcela_Latitud;Parcela_Longitud;Grupo Implementación;Grupo de Pago;Jornales;Monto;ETAPA FAO;Asistencia Técnica;Estado del participante;Adjudicado;Empresa;Lote;Monitorear Cocinas Eficientes;Fecha de Monitoreo FAO;% de prendimiento observado al momento del monitoreo;Estado FAO;Etapa de implementación FAO;Fecha visita Empresa;Cumple superficie mínima;Estado monitoreo;Situación encontrada al momento del monitoreo;Observación de gabinete;Dias transcurridos;Prioridad
6689428;1;NANCY ALARCON LOPEZ;Mujer;NO;NO;;NO;Campesina;Modelo 6;ALTO PARANA;ITAKYRY;SANTA LUCIA;0975373823;-24.5604256;-55.0381299;0.9;Parámetro;Si;-24.569612;-55.1042142;G2;F-GN-XX-XX-XX;0;0;Plantación;;Activo;SI;Red Forestal Paraguay SA;F;No;-;-;Monitorear;Plantación;2026-09-09 17:31:08;-;-;-;-;12.270046296296641;ALTA
4151015;2;ARMINDA GLADYS PERALTA;Mujer;NO;NO;;NO;Campesina;Modelo 1;ALTO PARANA;ITAKYRY;SANTA LUCIA;0983019346;-24.5613501;-55.0908375;0.9;Parámetro;Si;-24.5610302;-55.0911287;G2;F-GN-XX-XX-XX;0;0;Plantación;;Activo;SI;Red Forestal Paraguay SA;F;No;-;-;Monitorear;Plantación;2026-09-09 17:31:11;-;-;-;-;12.270011574073578;ALTA
5525514;3;NORMA ACOSTA BENITEZ;Mujer;NO;NO;;NO;Indígena;Modelo 5;ALTO PARANA;ITAKYRY;COM INDIG KA'AGUY ROKY (Legui-Kue);0986711990;-24.9388084;-55.0565797;0.7;Parámetro;Si;-24.9395483;-55.0564717;G2;F-GN-XX-XX-XX;0;0;Plantación;;Activo;SI;Red Forestal Paraguay SA;F;No;-;-;Monitorear;Plantación;2026-09-08 18:00:09;-;-;-;-;13.249895833330811;ALTA
6600165;4;DANIELA VILLALBA GONZALEZ;Mujer;NO;NO;;NO;Indígena;Modelo 1;ALTO PARANA;ITAKYRY;COM INDIG KA'AGUY ROKY (Legui-Kue);0984752043;-24.9387878;-55.0585957;0.8;Parámetro;Si;-24.9390467;-55.0583517;G2;F-GN-XX-XX-XX;0;0;Plantación;;Activo;SI;Red Forestal Paraguay SA;F;No;-;-;Monitorear;Plantación;2026-09-08 18:00:12;-;-;-;-;13.249861111107748;ALTA
5758085;5;BASILIO CHAMORRO GAUTO;Hombre;NO;NO;;NO;Indígena;Modelo 1;ALTO PARANA;ITAKYRY;COM INDIG KA`A POTY;0983531656;-24.9869682;-55.0705226;0.8;Parámetro;Si;-24.9850983;-55.1539238;G2;F-GN-XX-XX-XX;0;0;Plantación;;Activo;SI;Red Forestal Paraguay SA;F;No;-;-;Monitorear;Plantación;2026-09-09 14:15:34;-;-;-;-;12.405856481476803;ALTA
6700358;6;VENANCIA CHAMORRO GAUTO;Mujer;NO;NO;;NO;Indígena;Modelo 1;ALTO PARANA;ITAKYRY;COM INDIG KA`A POTY;0984317450;-24.976328;-55.0597459;0.8;Parámetro;Si;-24.9752167;-55.0589517;G2;F-GN-XX-XX-XX;0;0;Plantación;;Activo;SI;Red Forestal Paraguay SA;F;No;-;-;Monitorear;Plantación;2026-09-07 18:21:20;-;-;-;-;14.235185185192677;ALTA
6700357;7;NILSA CHAMORRO GAUTO;Mujer;NO;NO;;NO;Indígena;Modelo 1;ALTO PARANA;ITAKYRY;COM INDIG KA`A POTY;0982069737;-24.9759822;-55.06001;0.8;Parámetro;Si;-24.9757122;-55.0592876;G2;F-GN-XX-XX-XX;0;0;Plantación;;Activo;SI;Red Forestal Paraguay SA;F;No;-;-;Monitorear;Plantación;2026-09-07 18:21:15;-;-;-;-;14.235243055547471;ALTA
2331632;8;ANTELMA PIRIS GONZALEZ;Mujer;NO;NO;;NO;Indígena;Modelo 5;ALTO PARANA;ITAKYRY;COM INDIG ARROYO GUASU - AZUL;985231095;-24.659234;-54.9846715;0.7;Parámetro;Si;-24.6594317;-54.9842692;G2;F-GN-XX-XX-XX;0;0;Plantación;;Activo;SI;Red Forestal Paraguay SA;F;No;-;-;Monitorear;Plantación;2026-09-09 17:31:16;-;-;-;-;12.269953703696956;ALTA
5542656;9;MABEL SONIA AQUINO PIRIS;Mujer;NO;NO;;NO;Indígena;Modelo 5;ALTO PARANA;ITAKYRY;COM INDIG ARROYO GUASU - AZUL;984677892;-24.6576489;-54.9844373;0.7;Parámetro;Si;-24.6577271;-54.9846468;G2;F-GN-XX-XX-XX;0;0;Plantación;;Activo;SI;Red Forestal Paraguay SA;F;No;-;-;Monitorear;Plantación;2026-09-09 17:31:14;-;-;-;-;12.269976851850515;ALTA
